time,source,target
2023-09-07 00:00:00,60.207.131.139,41.40.84.246
2023-09-30 00:00:00,105.26.199.53,103.61.191.171
2023-09-06 00:00:00,136.50.163.162,243.232.26.214
2023-09-08 00:00:00,173.139.122.50,59.91.4.85
2023-09-04 00:00:00,249.61.72.180,191.153.57.163
2023-09-11 00:00:00,50.54.174.119,238.157.40.82
2023-09-18 00:00:00,96.7.220.65,90.247.172.47
2023-09-28 00:00:00,125.122.196.136,38.107.244.2
2023-09-27 00:00:00,28.60.241.43,144.177.97.185
2023-09-23 00:00:00,98.213.47.165,90.235.89.180
2023-09-13 00:00:00,67.202.84.38,66.189.196.36
2023-09-27 00:00:00,149.57.98.2,59.91.4.85
2023-09-12 00:00:00,224.46.41.2,243.232.26.214
2023-09-24 00:00:00,186.155.8.94,62.97.104.167
2023-09-18 00:00:00,90.247.172.47,66.189.196.36
2023-09-25 00:00:00,134.100.64.161,48.53.234.232
2023-09-11 00:00:00,102.217.242.18,237.184.31.79
2023-09-29 00:00:00,43.196.36.49,134.145.100.22
2023-09-13 00:00:00,139.97.149.200,253.122.171.146
2023-09-07 00:00:00,70.43.41.210,29.156.240.175
2023-09-09 00:00:00,197.246.35.13,156.108.231.27
2023-09-07 00:00:00,28.60.241.43,59.46.203.124
2023-09-18 00:00:00,216.101.164.252,70.43.41.210
2023-09-09 00:00:00,87.129.18.175,85.38.200.2
2023-09-29 00:00:00,147.116.70.52,179.226.176.224
2023-09-15 00:00:00,13.179.220.96,191.153.57.163
2023-09-01 00:00:00,98.4.220.1,156.108.231.27
2023-09-09 00:00:00,213.152.35.215,103.61.191.171
2023-09-21 00:00:00,134.100.64.161,24.2.53.162
2023-09-09 00:00:00,150.220.181.4,58.44.63.34
2023-09-13 00:00:00,65.13.113.71,38.107.244.2
2023-09-14 00:00:00,103.229.143.125,190.215.17.101
2023-09-20 00:00:00,223.201.217.79,78.120.191.211
2023-09-07 00:00:00,75.242.243.115,5.153.147.7
2023-09-16 00:00:00,224.46.41.2,132.74.23.172
2023-09-14 00:00:00,163.145.6.97,190.215.17.101
2023-09-25 00:00:00,3.14.1.83,208.98.100.13
2023-09-30 00:00:00,92.204.8.131,50.54.174.119
2023-09-11 00:00:00,243.232.26.214,163.145.6.97
2023-09-01 00:00:00,84.254.184.50,109.147.177.149
2023-09-01 00:00:00,13.179.220.96,232.43.47.73
2023-09-06 00:00:00,237.184.31.79,28.60.241.43
2023-09-03 00:00:00,38.167.252.110,14.98.35.67
2023-09-25 00:00:00,3.14.1.83,96.7.220.65
2023-09-11 00:00:00,28.60.241.43,62.97.104.167
2023-09-15 00:00:00,186.155.8.94,38.167.252.110
2023-09-17 00:00:00,163.145.6.97,60.207.131.139
2023-09-30 00:00:00,43.196.36.49,213.152.35.215
2023-09-17 00:00:00,202.63.249.50,249.61.72.180
2023-09-26 00:00:00,191.153.57.163,186.155.8.94
2023-09-22 00:00:00,202.63.249.50,83.14.100.127
2023-09-24 00:00:00,144.177.97.185,84.30.52.119
2023-09-15 00:00:00,191.153.57.163,144.177.97.185
2023-09-11 00:00:00,104.161.150.227,134.100.64.161
2023-09-10 00:00:00,144.177.97.185,78.120.191.211
2023-09-02 00:00:00,67.202.84.38,112.145.48.53
2023-09-24 00:00:00,98.4.220.1,144.177.97.185
2023-09-29 00:00:00,92.204.8.131,144.177.97.185
2023-09-13 00:00:00,5.153.147.7,238.225.254.253
2023-09-02 00:00:00,104.161.150.227,238.157.40.82
2023-09-05 00:00:00,105.26.199.53,160.125.231.79
2023-09-30 00:00:00,5.151.149.158,54.148.70.188
2023-09-17 00:00:00,232.43.47.73,253.122.171.146
2023-09-25 00:00:00,149.57.98.2,29.156.240.175
2023-09-14 00:00:00,136.50.163.162,187.67.208.96
2023-09-24 00:00:00,112.145.48.53,104.112.106.233
2023-09-20 00:00:00,238.225.254.253,191.153.57.163
2023-09-03 00:00:00,38.107.244.2,92.204.8.131
2023-09-28 00:00:00,243.232.26.214,58.44.63.34
2023-09-14 00:00:00,243.232.26.214,170.226.229.94
2023-09-20 00:00:00,150.220.181.4,104.112.106.233
2023-09-04 00:00:00,208.98.100.13,54.148.70.188
2023-09-16 00:00:00,125.122.196.136,103.61.191.171
2023-09-01 00:00:00,197.246.35.13,90.247.172.47
2023-09-28 00:00:00,50.54.174.119,75.242.243.115
2023-09-05 00:00:00,72.108.219.191,174.67.1.38
2023-09-21 00:00:00,90.235.89.180,147.116.70.52
2023-09-29 00:00:00,223.201.217.79,3.14.1.83
2023-09-04 00:00:00,85.38.200.2,3.14.1.83
2023-09-10 00:00:00,174.67.1.38,98.213.47.165
2023-09-03 00:00:00,196.119.20.119,102.217.242.18
2023-09-27 00:00:00,170.226.229.94,75.242.243.115
2023-09-18 00:00:00,213.152.35.215,132.74.23.172
2023-09-11 00:00:00,182.188.120.253,60.207.131.139
2023-09-28 00:00:00,57.145.213.101,83.14.100.127
2023-09-06 00:00:00,170.226.229.94,196.119.20.119
2023-09-22 00:00:00,174.209.42.118,157.122.234.178
2023-09-20 00:00:00,237.184.31.79,156.108.231.27
2023-09-02 00:00:00,144.177.97.185,98.213.47.165
2023-09-23 00:00:00,5.153.147.7,28.60.241.43
2023-09-13 00:00:00,144.177.97.185,59.46.203.124
2023-09-15 00:00:00,54.148.70.188,48.53.234.232
2023-09-04 00:00:00,30.155.8.161,5.151.149.158
2023-09-28 00:00:00,132.74.23.172,38.167.252.110
2023-09-19 00:00:00,104.161.150.227,98.4.220.1
2023-09-20 00:00:00,134.145.100.22,5.153.147.7
2023-09-08 00:00:00,59.91.253.86,112.145.48.53
2023-09-23 00:00:00,28.60.241.43,103.229.143.125
2023-09-17 00:00:00,5.151.149.158,84.30.52.119
2023-09-13 00:00:00,224.46.41.2,13.179.220.96
2023-09-06 00:00:00,85.38.200.2,150.220.181.4
2023-09-20 00:00:00,182.188.120.253,98.213.47.165
2023-09-28 00:00:00,30.155.8.161,24.2.53.162
2023-09-14 00:00:00,237.184.31.79,139.97.149.200
2023-09-01 00:00:00,174.67.1.38,182.188.120.253
2023-09-22 00:00:00,182.188.120.253,160.125.231.79
2023-09-25 00:00:00,213.152.35.215,160.125.231.79
2023-09-07 00:00:00,144.177.97.185,197.246.35.13
2023-09-21 00:00:00,174.209.42.118,190.215.17.101
2023-09-17 00:00:00,249.61.72.180,186.155.8.94
2023-09-09 00:00:00,100.242.202.159,24.2.53.162
2023-09-30 00:00:00,202.63.249.50,105.26.199.53
2023-09-21 00:00:00,43.196.36.49,72.108.219.191
2023-09-27 00:00:00,98.4.220.1,84.30.52.119
2023-09-04 00:00:00,67.202.84.38,70.111.136.94
2023-09-14 00:00:00,87.129.18.175,132.74.23.172
2023-09-02 00:00:00,125.122.196.136,84.254.184.50
2023-09-13 00:00:00,238.225.254.253,253.122.171.146
2023-09-03 00:00:00,84.30.52.119,173.139.122.50
2023-09-08 00:00:00,174.209.42.118,144.177.97.185
2023-09-20 00:00:00,187.133.131.166,92.204.8.131
2023-09-05 00:00:00,104.112.106.233,253.122.171.146
2023-09-22 00:00:00,150.220.181.4,48.53.234.232
2023-09-09 00:00:00,163.145.6.97,38.107.244.2
2023-09-17 00:00:00,72.108.219.191,24.2.53.162
2023-09-27 00:00:00,59.91.4.85,238.225.254.253
2023-09-03 00:00:00,38.107.244.2,72.108.219.191
2023-09-07 00:00:00,243.232.26.214,179.226.176.224
2023-09-01 00:00:00,54.148.70.188,112.28.157.186
2023-09-11 00:00:00,162.66.196.171,170.226.229.94
2023-09-05 00:00:00,174.67.1.38,149.57.98.2
2023-09-06 00:00:00,103.229.143.125,192.227.2.58
2023-09-02 00:00:00,156.108.231.27,144.177.97.185
2023-09-27 00:00:00,243.232.26.214,66.189.196.36
2023-09-04 00:00:00,202.63.249.50,151.11.223.189
2023-09-18 00:00:00,102.217.242.18,105.26.199.53
2023-09-11 00:00:00,67.202.84.38,75.242.243.115
2023-09-22 00:00:00,163.145.6.97,232.43.47.73
2023-09-24 00:00:00,60.207.131.139,98.4.220.1
2023-09-08 00:00:00,144.177.97.185,75.242.243.115
2023-09-25 00:00:00,41.40.84.246,150.220.181.4
2023-09-16 00:00:00,66.189.196.36,90.235.89.180
2023-09-01 00:00:00,134.100.64.161,5.151.149.158
2023-09-30 00:00:00,139.97.149.200,213.152.35.215
2023-09-05 00:00:00,78.120.191.211,5.153.147.7
2023-09-23 00:00:00,249.61.72.180,149.57.98.2
2023-09-20 00:00:00,70.43.41.210,132.74.23.172
2023-09-03 00:00:00,253.122.171.146,96.7.220.65
2023-09-19 00:00:00,65.13.113.71,170.226.229.94
2023-09-14 00:00:00,182.188.120.253,150.220.181.4
2023-09-08 00:00:00,84.254.184.50,187.133.131.166
2023-09-08 00:00:00,38.167.252.110,249.61.72.180
2023-09-07 00:00:00,134.145.100.22,150.220.181.4
2023-09-23 00:00:00,75.242.243.115,187.67.208.96
2023-09-15 00:00:00,192.227.2.58,173.139.122.50
2023-09-14 00:00:00,192.227.2.58,28.60.241.43
2023-09-23 00:00:00,90.235.89.180,232.43.47.73
2023-09-30 00:00:00,224.46.41.2,13.179.220.96
2023-09-27 00:00:00,174.209.42.118,3.14.1.83
2023-09-21 00:00:00,112.145.48.53,174.67.1.38
2023-09-27 00:00:00,24.2.53.162,150.220.181.4
2023-09-24 00:00:00,104.161.150.227,75.4.142.86
2023-09-19 00:00:00,187.133.131.166,144.177.97.185
2023-09-16 00:00:00,249.61.72.180,65.13.113.71
2023-09-29 00:00:00,84.30.52.119,59.91.4.85
2023-09-19 00:00:00,196.119.20.119,147.116.70.52
2023-09-03 00:00:00,134.145.100.22,43.196.36.49
2023-09-12 00:00:00,98.4.220.1,85.38.200.2
2023-09-17 00:00:00,208.98.100.13,78.120.191.211
2023-09-23 00:00:00,170.226.229.94,139.97.149.200
2023-09-10 00:00:00,24.2.53.162,156.108.231.27
2023-09-20 00:00:00,75.4.142.86,70.111.136.94
2023-09-11 00:00:00,232.43.47.73,112.145.48.53
2023-09-27 00:00:00,132.74.23.172,5.151.149.158
2023-09-20 00:00:00,38.107.244.2,90.235.89.180
2023-09-15 00:00:00,160.125.231.79,112.145.48.53
2023-09-05 00:00:00,208.98.100.13,197.246.35.13
2023-09-15 00:00:00,112.145.48.53,182.188.120.253
2023-09-26 00:00:00,22.184.247.26,197.246.35.13
2023-09-20 00:00:00,174.209.42.118,103.61.191.171
2023-09-04 00:00:00,174.67.1.38,170.226.229.94
2023-09-09 00:00:00,5.151.149.158,238.157.40.82
2023-09-04 00:00:00,104.161.150.227,92.204.8.131
2023-09-30 00:00:00,98.213.47.165,58.44.63.34
2023-09-21 00:00:00,38.167.252.110,96.7.220.65
2023-09-24 00:00:00,186.155.8.94,179.226.176.224
2023-09-23 00:00:00,5.151.149.158,66.189.196.36
2023-09-11 00:00:00,3.14.1.83,62.97.104.167
2023-09-21 00:00:00,62.97.104.167,190.215.17.101
2023-09-08 00:00:00,78.120.191.211,157.122.234.178
2023-09-25 00:00:00,43.196.36.49,162.66.196.171
2023-09-16 00:00:00,103.61.191.171,84.30.52.119
2023-09-30 00:00:00,43.196.36.49,67.202.84.38
2023-09-16 00:00:00,28.60.241.43,60.207.131.139
2023-09-13 00:00:00,191.153.57.163,66.189.196.36
2023-09-30 00:00:00,103.229.143.125,5.153.147.7
2023-09-21 00:00:00,202.63.249.50,197.246.35.13
2023-09-02 00:00:00,125.122.196.136,174.209.42.118
2023-09-11 00:00:00,186.155.8.94,196.119.20.119
2023-09-26 00:00:00,237.184.31.79,253.122.171.146
